{
    "loss": 0.3478996455669403,
    "accuracy": 0.8620689511299133
}